"","p.value","HR","Low 95%CI","High 95%CI"
"A2M",0.177142657967588,0.921879190054385,0.819165869150008,1.03747149760667
"ABCA1",0.106769123790112,1.15638694978837,0.96921654456912,1.37970279720651
"ABLIM3",0.152310506836228,1.18117064459127,0.940370076506608,1.48363301480951
"ABR",0.223471192585275,1.08840721260042,0.949634104715528,1.24745968427017
"ACP5",0.664463659676043,1.02633716768416,0.912589104937974,1.15426315750454
"ACVRL1",0.141692174882268,1.14035953132861,0.957111538034903,1.35869207403138
"ADAM8",0.0584248489342678,1.12296654696868,0.995874072094806,1.26627843915862
"ADAM9",0.100834401855188,1.14184580027103,0.974530125420721,1.33788766256324
"ADAMDEC1",0.10948350737962,0.928331760140615,0.847526320323734,1.01684140801266
"ADAP2",0.421676776211799,1.05917999697978,0.920582287542887,1.21864420072261
"ADCY7",0.0961450273928627,1.13726051426855,0.977368036198382,1.32331059479405
"AGAP2",0.319968296572355,1.15061515789479,0.872673205476138,1.51708020054873
"AIF1",0.858253748139342,1.01005508304857,0.905027002997472,1.1272716365515
"ALOX5",0.207797449485228,1.0721565689603,0.962005341579527,1.19492029688455
"ALOX5AP",0.0328675465241041,1.09934929374413,1.00774214439365,1.19928384098981
"AMPD3",0.459401732311167,1.07179373235146,0.891950147221891,1.28789911441329
"AOAH",0.385215542513108,1.05360540189344,0.936461292338495,1.18540333912465
"APBB1IP",0.684270931861337,1.02458198272147,0.911408052449406,1.15180926534082
"APOBR",0.182327946971283,1.10418647683547,0.954519693059866,1.2773207137486
"APOE",0.589035978689063,1.03165791311803,0.921357611322568,1.15516281259267
"APOL3",0.572655006746953,0.968419780138326,0.866255017964568,1.08263369459815
"APOL6",0.569990400337806,0.969667701608723,0.871904260697539,1.07839300015683
"ARHGAP22",0.697519746817243,0.949265656201894,0.730062844149768,1.23428454586514
"ARHGAP25",0.885385726029683,0.984560237902403,0.796813708033815,1.21654390767246
"ARHGDIB",0.812352563010106,0.984086131735583,0.862011161339826,1.12344892746989
"ARHGEF6",0.363346500433735,1.08105151076028,0.913835804369344,1.27886471872658
"ARID5A",0.812426574976557,0.976613541354688,0.80322503096794,1.18743063573104
"ARRB1",0.443962554366449,1.07102486464985,0.898469907357333,1.27671973352138
"ARRB2",0.752673710166905,1.03863548284661,0.820474862688319,1.31480404249486
"ATP2A3",0.147654679917549,0.905632545679567,0.791914535383424,1.03568033057626
"ATP6V1B2",0.0350812025354186,1.2622693439665,1.01643027753211,1.56756831426374
"AXL",0.0883052046532636,1.12424187216337,0.982594023822023,1.2863092553821
"B2M",0.866063303174756,1.0106508765862,0.893577757258453,1.14306246551864
"BCL2A1",0.618916431866919,0.970447216907242,0.862252479197767,1.09221814204492
"BIN2",0.904012042187684,0.991284686264506,0.85983061642972,1.1428359382023
"BTK",0.406756171047136,1.0706214537682,0.91121556439105,1.25791343131276
"C1QA",0.659943119853038,1.02208879380449,0.927301766191944,1.12656477158535
"C1QB",0.571204578561777,1.02616435753278,0.938412246906019,1.1221222785002
"C1R",0.605683627257971,1.03245546173519,0.914550557896459,1.16556080061732
"C1S",0.808852837984423,1.01221588629923,0.917379911905336,1.11685571831255
"C3AR1",0.142623985883653,1.07977377573007,0.974476431988915,1.1964490555967
"C5AR1",0.0099983708928545,1.17611134957663,1.03954901579824,1.33061345408597
"CAMK1",0.240691548259975,1.1236696918067,0.924794726283264,1.36531225838568
"CASP1",0.889366741672466,0.991321718490766,0.876757594280219,1.12085570283341
"CASS4",0.476414202023004,1.07943898817001,0.874625695879285,1.33221392267706
"CCDC69",0.53647005681207,0.953899142655045,0.821319370661023,1.1078803287273
"CCL13",0.094774117727169,0.903989631163673,0.803041756772556,1.01762734796727
"CCL2",0.639599758647735,1.02379868558125,0.927812049930328,1.12971560207329
"CCL22",0.272887251748648,0.896548392839218,0.737557297782075,1.08981230762641
"CCL4",0.313226723151317,1.05616907661421,0.949746360929642,1.17451686501251
"CCL5",0.170897498760191,0.946132946758458,0.874040698426475,1.02417147685846
"CCL8",0.160184823388879,0.93338690670046,0.847777074765359,1.02764175103577
"CCR1",0.382977345775751,0.95112482085494,0.849858233492056,1.06445803452323
"CCR2",0.38337205791911,0.921502074251653,0.766775917276854,1.10745010858694
"CCR4",0.194589575480409,0.83742302713508,0.640492126282332,1.09490389904802
"CCR5",0.580480423864921,0.961795854254686,0.837703413017894,1.10427061760311
"CCR7",0.0242249720438617,0.828199163287422,0.702966288482943,0.97574217328436
"CCRL2",0.630638824434435,1.05490316763172,0.848384582287019,1.31169367797747
"CD14",0.14265574208208,1.08278229211687,0.973555266320869,1.20426393105808
"CD163",0.0647297343804785,1.10178549819572,0.994095746957191,1.22114121074361
"CD180",0.621508463518521,1.04184852089257,0.885366829925046,1.22598713188512
"CD1C",0.880857495570096,1.01097717012193,0.876476359470545,1.16611797621689
"CD1D",0.644042646885894,1.05462490494441,0.841626977885716,1.32152808709043
"CD1E",0.92026426237695,1.00810340649254,0.860747842812521,1.18068547794574
"CD2",0.0569641338361992,0.915851680117404,0.836603499939179,1.00260673070917
"CD209",0.253670601243282,1.08139536561481,0.945435248512084,1.23690748638111
"CD247",0.174660726101458,0.873840097253289,0.719223201843275,1.06169616554449
"CD27",0.028202932033061,0.861673223143905,0.754386931669847,0.98421739867592
"CD28",0.281410220911869,1.14887804238284,0.892485555534481,1.47892674350226
"CD300A",0.123141632834416,1.11474499899553,0.970961556203221,1.27982040570662
"CD300C",0.0621392166303665,1.1551818769525,0.992705735258168,1.34425048777669
"CD33",0.111688348572437,1.17942724636829,0.96240869087845,1.44538244787272
"CD37",0.93592670328377,1.0052563299772,0.884640417926758,1.14231756596373
"CD38",0.00109877805068585,0.776216639682622,0.666681817921429,0.903747868208984
"CD3D",0.0494693145896004,0.904313181815738,0.817973290130151,0.999766545770198
"CD3E",0.0986938996166837,0.921013013071908,0.835314346113286,1.01550389286951
"CD3G",0.00538191161253928,0.773548177114864,0.64559460437227,0.926861498323005
"CD4",0.644751390206547,1.03000031107948,0.908377778409771,1.16790686214393
"CD40LG",0.00166989280610058,0.650537778105424,0.497559769555568,0.850549876892886
"CD44",0.266266569422255,0.933539153823413,0.826942428723769,1.05387669256048
"CD48",0.471939484655992,0.961256209883602,0.863138888749211,1.07052701840232
"CD5",0.127932913555603,0.876604627091038,0.73988409450357,1.03858925735254
"CD52",0.211950240438267,0.939230605990599,0.851175335890949,1.0363953160204
"CD53",0.62035519494974,1.02534923482855,0.92865580343649,1.13211057258567
"CD6",0.419891965430223,0.938223798701218,0.803552714149704,1.09546502793014
"CD69",0.844895973894023,0.987654124309724,0.872075316847147,1.11855094442144
"CD7",0.186141117727564,0.928016076525666,0.830724564652744,1.03670202487643
"CD72",0.222934841718309,0.883619751386706,0.724188396524942,1.07815020067615
"CD80",0.397319130040336,0.888341129732452,0.675322622062221,1.16855253621523
"CD84",0.455276193534357,1.05456761449881,0.917283607954844,1.21239804560474
"CD86",0.624245558966594,1.03123795108043,0.911815787413152,1.16630105162535
"CD8A",0.31970471775206,0.941005357523752,0.834789260239724,1.06073607443646
"CD96",0.0859039423487386,0.849259049211362,0.704788205741199,1.02334421432164
"CEACAM21",0.850593892189374,1.01645808714808,0.857671186792645,1.20464236042771
"CFD",0.329935504780997,1.05975733369393,0.942967321759612,1.19101222322566
"CHST11",0.680759672803326,1.02849245025889,0.899657468948213,1.17577717825896
"CIITA",0.644934647252489,1.02527143712455,0.922014946180248,1.14009162664695
"CLEC10A",0.537266146228742,0.954711123563087,0.824002117575308,1.10615411054668
"CLEC2B",0.84251324370247,1.01184881432522,0.900845420550386,1.136530196741
"CLEC4A",0.470468708281256,1.05401750891516,0.913692471170303,1.2158936886902
"CLEC4E",0.848405864747689,0.9866300482794,0.859441852867721,1.13264073528618
"CLEC5A",0.00665272003204164,1.18571873118863,1.04845422021044,1.34095402773941
"CLEC7A",0.812438908179242,1.01526464936743,0.89584705652341,1.15060076466103
"CLIC2",0.694287812606319,0.966743875798494,0.816704206376493,1.14434787294711
"CMKLR1",0.663635546473182,1.0311941607782,0.897881358639459,1.18430056152892
"CORO1A",0.350220676974902,1.05932199909183,0.938678261410104,1.1954714878282
"CORO1C",0.277765106278463,1.11191241091244,0.918068201734701,1.34668558088061
"COTL1",0.370885542458787,1.07539176880718,0.917116324768963,1.26098230419088
"CPED1",0.406021147039374,1.07549600580966,0.905836832779649,1.27693158045154
"CRTAM",0.860491240459267,1.01717846057079,0.841208304001546,1.22995935219305
"CSF1",0.0931250793935412,1.0925448167293,0.985306321043702,1.21145490602118
"CSF1R",0.071680175314405,1.09099969578237,0.992349667486938,1.19945657785278
"CSF2RA",0.205002154226604,1.09272530398303,0.952702276460564,1.25332815872013
"CSF2RB",0.747112740045569,1.02260840255347,0.892672717915237,1.17145726982132
"CSF3R",0.72520926417024,1.01960259231935,0.914999327513446,1.13616416428356
"CST7",0.673436093299422,0.979779183956942,0.890980974321547,1.07742732671291
"CTLA4",0.119516433325618,0.858367627984738,0.70822363153796,1.04034227602959
"CTSA",0.26262517682075,1.12384027339224,0.916198665921336,1.37854049244684
"CTSD",0.0655372227736312,1.16086449867921,0.990456558645327,1.36059110571884
"CTSL",0.330435299375441,1.0937177796392,0.913178127475476,1.30995097835502
"CTSO",0.861410334843788,1.01363343362021,0.870676809741367,1.18006213816342
"CTSS",0.564934210468195,0.970401281387872,0.87602026194208,1.07495076064974
"CTSW",0.326656758972305,0.946514337640284,0.848056574952336,1.05640286016175
"CTSZ",0.419337877865466,0.93075525939732,0.781987166241268,1.10782553767447
"CXCL9",0.00531936293497634,0.913670080862509,0.857461750900731,0.973562979090772
"CXCR3",0.178713269755499,0.922858853608296,0.820954981735189,1.03741189545267
"CXCR6",0.0937805182386015,0.867472090563115,0.734582148183681,1.02440255288885
"CXorf21",0.892392337131448,1.01165698434337,0.855280934674339,1.19662418800486
"CYB5R4",0.685318723471592,0.951727885811964,0.749173967605658,1.20904623999013
"CYBB",0.334501321214412,1.04609652641498,0.95460586553002,1.14635577057751
"CYTH4",0.267776622796201,1.07880504852453,0.943365190154231,1.23369013916207
"CYTIP",0.732019253563288,0.974364402518462,0.839785252017082,1.13051043301228
"DENND3",0.196301738102349,1.1298496374454,0.938854482665188,1.35969974773049
"DOCK10",0.271684600666086,1.116937687498,0.917040918972267,1.36040799482702
"DOCK2",0.286375993092959,1.0950089996104,0.926725015953186,1.29385166968271
"DOK2",0.847102556330592,1.01393737147862,0.880863328624443,1.16711521512243
"DOK3",0.838493703594726,1.01801495096147,0.85741135464869,1.20870155819864
"DPEP2",0.833531768387089,0.975277301445265,0.772223720285204,1.23172312599135
"DPYD",0.520950867615063,1.04333441912278,0.916574518048552,1.18762488885668
"DRAM1",0.383307248197785,1.06818374010416,0.920971196089796,1.23892745773957
"EBI3",0.888734476235246,0.991793447962676,0.883660991957393,1.11315793316033
"EHBP1L1",0.317010743788609,1.09199513732868,0.919085443015772,1.29743473690183
"ELL2",0.945743792126579,0.994625013303444,0.851623633809183,1.1616386368518
"EML3",0.583645509881824,1.05978072856225,0.861073287016727,1.30434332311382
"EMP3",0.647433997790466,0.962478989953805,0.816980511225865,1.13388972365143
"ENTPD1",0.270922051587425,1.15864822343198,0.891458297928959,1.50592092617334
"EPAS1",0.563545682370539,1.04212423040335,0.905965533380601,1.19874638888445
"EPB41L3",0.105230004783279,1.14741136397415,0.971556700508054,1.35509624655828
"ETS1",0.956595178232512,0.995291785687078,0.839736210761145,1.17966300126355
"EVI2A",0.547631648950266,1.03802884504829,0.919126356510761,1.17231311616692
"EVI2B",0.958616041782085,1.00271286802391,0.90518090664785,1.11075376017834
"F13A1",0.273506920076318,1.05344839554301,0.959705792285154,1.15634763381984
"FASLG",0.524385435564945,0.936367150637684,0.764776682668291,1.14645681630127
"FCAR",0.0544741592597265,1.30180348376841,0.994949528979453,1.7032947511316
"FCER1G",0.84064115396503,0.988881559399248,0.886774332888705,1.1027458759822
"FCGR1B",0.73651567805496,1.04792741219497,0.797812322779959,1.37645387251374
"FCGR2A",0.107610166507061,1.10116331036354,0.979201259113566,1.23831605076619
"FCGR2B",0.0726606206024821,1.12876205657054,0.988927257174665,1.28836956521294
"FCGR3B",0.0331429851157314,1.22756205428968,1.01653328113915,1.48239966668207
"FCN1",0.4861659486864,0.950121827445303,0.822702126826525,1.09727622860315
"FGD2",0.535187035296401,1.05699015637977,0.887136177386654,1.25936493084398
"FGL2",0.607684212178943,1.02848370154779,0.923912261199121,1.14489088279506
"FGR",0.5109711035386,1.04694657320822,0.913093295130324,1.20042183312274
"FLI1",0.261119582124686,1.11770188289981,0.920532638565671,1.35710288446079
"FLVCR2",0.95909415056303,0.994340078909127,0.800456120335025,1.23518599884175
"FMNL1",0.206120756830141,1.12022798498375,0.939442236693855,1.33580404342592
"FOLR2",0.299880560709931,1.06194864195236,0.947877562460485,1.18974745558604
"FOXP3",0.0732007994080706,0.869288094024473,0.745777993438112,1.013253001646
"FPR1",0.0358789262959699,1.1268555384456,1.00790472344974,1.25984468073469
"FPR3",0.638050718383675,1.02312557762876,0.930167998418825,1.12537299646686
"GAL3ST4",0.184888298841563,1.09208682949393,0.958744514618624,1.24397441129404
"GBP2",0.124058152746337,0.922038301286688,0.831429344677168,1.02252179873413
"GFI1",0.241175061415324,0.857400665289177,0.662904117669302,1.10896264066511
"GIMAP4",0.729317948430999,0.977398485941905,0.858690382857372,1.11251717661336
"GIMAP6",0.964446468411276,1.00324535239807,0.870029046018562,1.15685935051741
"GK",0.776722550709057,0.969440629455187,0.782288119231113,1.20136700396548
"GLIPR1",0.295553567780303,1.08870197104993,0.928434059427157,1.27663560996384
"GLRX",0.795987023532731,0.976649099841779,0.816486232723443,1.16822969695417
"GM2A",0.816018112703242,0.972253769563783,0.767074522061966,1.23231493843648
"GMFG",0.763410690123601,0.97711479967002,0.840383101712369,1.13609296734879
"GNA15",0.0922682856011419,1.12478721876238,0.980878173807548,1.28980980643111
"GPNMB",0.693103957145805,1.0181022497683,0.931314459990725,1.11297766276881
"GPR132",0.802512296290277,0.982890582486041,0.858557959046065,1.12522851481471
"GPR171",0.0156076360309509,0.794937656770862,0.660001004525847,0.957461994480346
"GPR18",0.193835441201973,0.826587990253094,0.620187706235723,1.10167889295593
"GPR183",0.34122301921884,1.05143453486669,0.948255935915877,1.16583987427673
"GPR65",0.802740175856474,1.02113405732303,0.866600410217795,1.20322440507838
"GPSM3",0.825203561198334,0.986047013794,0.870448354020219,1.1169975897151
"GRN",0.548994574227421,1.05523151545801,0.885088284076095,1.25808190126271
"GZMA",0.37527326538428,0.958134176073289,0.871702364041563,1.05313595239472
"GZMH",0.607241153342011,0.969580389468189,0.861841380958546,1.09078787861835
"GZMK",0.244417100849739,0.92314413098349,0.806845823806231,1.05620561131382
"GZMM",0.0884670768260534,0.858820861700348,0.720868264363871,1.02317345478178
"HCK",0.342460841455513,1.05739789266738,0.942313694994027,1.18653725331299
"HCLS1",0.354696505949862,1.05894479890839,0.937992223628942,1.19549401251617
"HGF",0.00497080185463761,1.33848172780777,1.09211105221169,1.64043146715452
"HHEX",0.776241775282952,0.980053609401329,0.852921787782149,1.12613499978488
"HIVEP3",0.316257421603589,1.11201106890933,0.903510817803473,1.36862624443513
"HK3",0.766448161844542,1.02451114908664,0.873213647273329,1.20202323667335
"HMOX1",0.235045166223835,1.07345634598038,0.954933837821181,1.20668938630838
"HNMT",0.238104713091865,1.09728504940029,0.940447313807003,1.28027850360204
"HPGDS",0.00829945254946576,1.25768860858287,1.0608130546152,1.49110215911974
"HRH2",0.0454250773728985,1.21313310397772,1.00394129298022,1.46591433010777
"ICAM1",0.694013854542256,1.01802819754139,0.931324258357393,1.1128040547524
"ICAM3",0.577167400341027,0.930526024285975,0.722428545031718,1.19856654035652
"ICOS",0.0253175380665129,0.787757269737613,0.639140757387533,0.970930908178948
"IFFO1",0.522415785605171,1.05612361166249,0.893402557020614,1.24848208049766
"IFNAR1",0.501212794694789,0.928901009940315,0.749254931962951,1.15162016218907
"IFNGR1",0.136854287033599,1.14956674358797,0.956706559379065,1.38130515047493
"IGSF6",0.385516588291173,0.93572203188253,0.805339544851687,1.08721312215162
"IKZF1",0.91425029262794,1.00865187580895,0.862268449404162,1.17988615642371
"IKZF3",0.114920009961854,0.86606873738482,0.724291028636097,1.03559899021225
"IL10",0.491430936137508,1.04751267036008,0.917767586024866,1.19559985695025
"IL10RA",0.487984723787468,1.04386928014548,0.924591634120752,1.17853442949185
"IL12RB1",0.766027805702738,0.973028783065683,0.812673297205748,1.16502537480887
"IL16",0.505853366307494,1.06474978715127,0.885070039535473,1.28090666116514
"IL17RA",0.262201337823108,1.12038412262997,0.918478710164966,1.36667357484625
"IL18BP",0.0224108591428103,0.815014670358747,0.683772579569353,0.971447134247951
"IL1B",0.0644629245123801,1.10748959991428,0.993889598598964,1.23407390081078
"IL21R",0.16248355556374,0.875707413423122,0.726902868630193,1.05497378950963
"IL2RA",0.810577352160742,0.979532832347187,0.827137973538999,1.16000546503849
"IL2RB",0.63606392000065,0.97596476869841,0.882412967567243,1.07943475985688
"IL2RG",0.068756292610882,0.916390581698273,0.834152601231232,1.00673629379777
"IL4R",0.401550473303852,1.05156330872879,0.935012716761337,1.18264208864967
"IL7R",0.438355373982473,0.954807863209119,0.849419174506057,1.07327228182258
"INPP5D",0.389653028621404,1.05556734768073,0.933203098829893,1.19397634543522
"IRAK3",0.37539979421872,1.08982862168942,0.901060523750959,1.31814278103002
"IRF4",0.0251828581999805,0.816273678409983,0.683352528479993,0.975049758792942
"IRF8",0.933106012040203,0.994628714680083,0.877090933026148,1.12791757708965
"ITGA4",0.186886635122313,1.11890719641529,0.946967591442823,1.3220656393134
"ITGAL",0.448170598307087,0.953350543646396,0.84263434135724,1.07861407310666
"ITGAM",0.0477628311165382,1.13503608660208,1.00124911066024,1.28669968759267
"ITGAX",0.7597530649674,1.02164490375697,0.890624512328753,1.17193979609144
"ITGB2",0.256307264832609,1.05794213842375,0.959900312920051,1.16599771162471
"ITGB7",0.486827099785253,1.06580946349504,0.890556571033768,1.27555042478318
"ITK",0.13673158607123,0.803145535195849,0.601723952607151,1.07199114795112
"JAK2",0.169761016553486,0.858946529582879,0.691354115426829,1.06716532702922
"JAK3",0.365106671301299,1.06561565937951,0.928689474655854,1.22273027153196
"KCNA3",0.0974589446467091,0.786820132969514,0.592563875546142,1.04475812177308
"KCNAB2",0.162529168720964,1.13386068176827,0.950588233929748,1.35246787175678
"KCNMB1",0.740399126753113,0.959172816968481,0.749561209122602,1.22740142047662
"KIAA0513",0.596471265614067,1.06074724187252,0.852717564674358,1.31952800992185
"KIAA0930",0.127326158343242,1.17213078138008,0.955676393758516,1.43761065736426
"KIF21B",0.736118332873968,1.04282085676158,0.817152210402443,1.3308112313144
"KLRB1",0.0795253379689505,0.866740098623178,0.738690420088311,1.01698678923101
"KYNU",0.671600833186773,0.941276133566656,0.711555614401042,1.24516024002986
"LAG3",0.0590369656708568,0.883296858406838,0.776527275299603,1.00474685808089
"LAIR1",0.456780181687847,1.04718689339511,0.927437242312935,1.18239848441249
"LAPTM5",0.334023114672116,1.04790528642505,0.952996880298299,1.15226556562687
"LAT2",0.190856657472756,1.10542659747325,0.951273177491058,1.28456051459811
"LAX1",0.0565268463605395,0.814533530899274,0.659692045461943,1.0057190738061
"LCK",0.0867460367669887,0.876314248046901,0.753435398573124,1.01923358364145
"LCP1",0.92587879901475,1.00501814258495,0.904429106675321,1.11679451652976
"LCP2",0.994611115876301,1.00044058255775,0.880394603408324,1.13685540024181
"LGMN",0.930458176224518,1.00791728874901,0.844316082913615,1.20321912790462
"LHFPL2",0.183119660205072,1.13084830262123,0.943574573485825,1.35529074169201
"LILRA1",0.0600899719826135,1.26865423710427,0.989947144991837,1.62582778430648
"LILRA2",0.000702399474628866,1.42670185044493,1.16163065920155,1.75225933814634
"LILRA5",0.530539028408168,0.935169659310283,0.758441688165582,1.15307782436081
"LILRB1",0.885518599495183,0.989621107074769,0.858593541255441,1.14064442429404
"LILRB2",0.793258574992393,0.981332065971635,0.852338827793583,1.12984718318778
"LILRB3",0.809233425373692,1.03101513205721,0.804583011186613,1.32117157304034
"LILRB4",0.961829801139719,0.99723605417497,0.890368763536753,1.11693018496758
"LILRB5",0.861871056732756,1.02076517616916,0.809803357058953,1.28668464485484
"LIPA",0.499435858398919,1.05665719786367,0.900485393944998,1.23991398561797
"LPAR6",0.217074827875027,1.08201574271285,0.954718810393612,1.22628574480037
"LPXN",0.843668521902689,0.982488447263788,0.824273819922561,1.17107146396752
"LSP1",0.445198084890659,1.04996807791999,0.926427607098736,1.18998285047167
"LST1",0.725113026870626,0.97876784575416,0.868419202657309,1.10313831494152
"LTA",0.0181556386400736,0.771791520752579,0.622537569845271,0.956829242697156
"LY86",0.713763549568847,1.02258864874556,0.907539573014935,1.15222253181687
"LY96",0.677931532588953,1.02531793865721,0.911194743434939,1.15373456981244
"LYL1",0.164538129135971,1.14958304770006,0.944438751120261,1.39928733545906
"LYN",0.790589675252867,0.979884365156311,0.843406634644821,1.13844654480592
"LYZ",0.576168124504532,0.979953986874708,0.912789351123809,1.05206071390877
"MAF",0.121889915758352,1.10599130480114,0.973456914222416,1.25657001190733
"MAFB",0.283980430444165,1.0788505689507,0.938998177276598,1.23953227843424
"MAN1A1",0.52076442990889,1.03387008448633,0.933929906360204,1.14450489733382
"MAN2A1",0.0505460991159013,1.21923562715264,0.999528640659051,1.48723653735237
"MARCO",0.691137278409186,1.01950782618411,0.926828595321462,1.12145461728028
"MCTP1",0.103412950706506,1.25892256172438,0.954219602923886,1.6609237659364
"MDFIC",0.689507071840549,1.02634313904723,0.903429006537413,1.16598009522256
"MEF2C",0.151922430294715,1.1523808484989,0.949151867810466,1.3991244868437
"MFNG",0.142984554043285,1.12116259158667,0.962073868916993,1.30655825647603
"MFSD1",0.765484679623863,1.03058591166717,0.845495323628124,1.25619538233424
"MICAL1",0.493171171490946,1.05602364692157,0.903575042221467,1.23419294551984
"MILR1",0.155104239496702,1.09346336928687,0.966739955778758,1.23679809945273
"MKNK1",0.323445704905597,1.1165598447796,0.897093295161222,1.38971709375019
"MMP25",0.476789143669419,0.910967627109497,0.704599405511093,1.17777848114923
"MMP9",0.539267259353439,0.977348012540901,0.908408296702286,1.05151960972314
"MNDA",0.592862533834744,1.03210357957081,0.919219723356597,1.15885002453286
"MPP1",0.323357960086851,1.09041777543047,0.918302126411047,1.29479273844403
"MRC1",0.0367423399746829,1.14205855877932,1.00821558725413,1.29366949705007
"MS4A4A",0.342446382786693,1.05917925566577,0.940629921132365,1.19266958282825
"MS4A6A",0.396332474061465,1.04741924475393,0.941080441824889,1.16577396099476
"MSN",0.640168414585421,0.964420948997133,0.82851491995683,1.12262041933173
"MSR1",0.107782602674733,1.10679835057662,0.978052505347815,1.252491642464
"MYO1F",0.299058654179477,1.08321688869607,0.931523931904983,1.25961211276327
"MYO5A",0.0642805504037458,1.20195461982732,0.989149485000856,1.46054254693667
"NAAA",0.0301990143730706,1.18126388262312,1.01607613334354,1.37330689561436
"NAGA",0.497026354415009,1.08303686540414,0.86033954573935,1.36337897941959
"NCF1",0.640920367772234,0.96454729071693,0.828795994459827,1.1225337504626
"NCF2",0.688389059067248,1.02802503214622,0.898130695027178,1.17670565383276
"NCF4",0.613835778249412,1.03548628466339,0.90431853491697,1.18567938654982
"NCKAP1L",0.551166668334782,1.04118720999153,0.911771462425406,1.18897207351303
"NFKB1",0.0418828480137024,1.20901032110979,1.0069943283456,1.45155331604643
"NKG7",0.316072068505398,0.956778310129258,0.877603454368303,1.04309609331782
"NLRP3",0.10764718791551,1.17700228421441,0.96505952972303,1.43549111156233
"NOD2",0.739426596351665,0.967050395820513,0.793790835966374,1.17812706532206
"NPL",0.70111332395653,1.03256984586453,0.876677636296519,1.21618305571568
"NRP1",0.36749196899305,1.06806995584105,0.925547457717862,1.23253910002965
"OGFRL1",0.775572879385982,1.02858843994538,0.847388448167051,1.2485350503394
"OLR1",0.403572295035255,1.04517625018826,0.942237958306278,1.15936041880676
"OSM",0.112888397248285,1.09822949769931,0.978101915450373,1.23311079404391
"OSMR",0.0938233017219755,1.1106926977296,0.982338623681561,1.2558177384561
"OSTM1",0.306889158590669,1.11174532793602,0.907314431257518,1.36223742465392
"P2RX7",0.576528275371288,1.05437614283571,0.875570346510917,1.26969700951063
"P2RY10",0.149944681546409,0.869894393929678,0.719547785760039,1.05165531958518
"P2RY13",0.425794112148319,1.05447788257983,0.925427149940837,1.20152472825239
"PAPSS2",0.29152043449788,1.07773519586028,0.937777277708306,1.23858103625037
"PARM1",0.71276849258284,0.973179003940051,0.842037315862302,1.12474513405606
"PDCD1",0.425364046214331,0.939558003299803,0.806028580170663,1.09520836268337
"PDCD1LG2",0.245906674581158,0.918923107233194,0.796624110096492,1.05999764042395
"PDE4B",0.203821887853832,1.10811084951274,0.945842552741974,1.29821781780506
"PECAM1",0.76017889113941,1.02364515085395,0.881009476781333,1.18937357937964
"PIEZO1",0.00381057037181867,1.1824633520957,1.05555892909376,1.32462484140968
"PIK3CD",0.0353169711563927,1.1707729712069,1.01090161354403,1.35592755194363
"PIK3CG",0.0476491491128358,1.21200524842882,1.00199419850961,1.46603316107416
"PIK3R5",0.117160037472524,1.14875032011823,0.965800898375595,1.366355426042
"PILRA",0.405139160338902,1.06738504829381,0.915466890912838,1.24451343093921
"PIP4K2A",0.966262375888186,1.00419909540175,0.826973128636873,1.21940579238396
"PLA2G2D",0.0038051941978454,0.815170452734194,0.709804517766028,0.936177285969191
"PLA2G4C",0.717084932476228,1.04283645094603,0.831162884538172,1.30841725930288
"PLAUR",0.0653972588811577,1.13491057055871,0.991966709532864,1.29845285208458
"PLCB2",0.488684039219066,1.05071635512465,0.913413025644704,1.2086589833194
"PLCL2",0.455499846568616,1.06445105334972,0.903410042382726,1.25419908106059
"PLEK",0.840457838490046,1.01079167661383,0.910489746451277,1.12214312955635
"PLEKHO2",0.0127753679704558,1.25221667183345,1.04903920363584,1.49474546593015
"PLIN3",0.316594724887242,1.10808223705395,0.906445312222928,1.35457288764985
"PLXNC1",0.396288175221188,1.07783401523906,0.906440452256173,1.28163539205996
"PLXND1",0.0782247607884576,1.12502697545889,0.986783860340467,1.2826372079834
"PRDM1",0.671371095393934,0.96785075279294,0.832239200561643,1.12555990999907
"PRF1",0.323790770694409,0.937710309804265,0.825251452918818,1.06549418604866
"PRKCH",0.687274127326668,0.963027102674851,0.801637299960031,1.15690874231097
"PSAP",0.360988124659806,1.08879849620991,0.907137689644714,1.30683817779996
"PSTPIP1",0.712327719485505,1.03517688312978,0.861401928728653,1.24400833528182
"PTAFR",0.315436255073663,1.06453238592013,0.942180719876661,1.20277264941396
"PTGER4",0.789608543204614,1.02092971218463,0.876829903222032,1.1887111438505
"PTPN22",0.82584385043299,1.02071430293135,0.850334826414658,1.22523229185085
"PTPN7",0.603666652081287,0.958507295926425,0.816789232360072,1.12481433391273
"PTPRC",0.988700875485048,0.999143902553724,0.887462405904471,1.12487980490043
"PTPRE",0.162683718751588,1.16048499464822,0.941658001343105,1.4301640520049
"PTPRO",0.101240891335537,1.17777041835116,0.968450384483383,1.43233270446069
"PYHIN1",0.0605745836806373,0.793101519174132,0.622565120046054,1.01035216953655
"RAB8B",0.420174558387703,1.10202070788856,0.870184372854627,1.39562336270327
"RAC2",0.631514510388371,1.02739206343648,0.919970499268552,1.14735684769402
"RASA3",0.253858261859206,1.07714365944968,0.948061796209678,1.2238004608257
"RASGRP3",0.740663342996524,0.954260815949582,0.723202494693021,1.25914071306307
"RASSF2",0.0141280110612611,1.19438905615127,1.03640784804218,1.37645157757996
"RASSF4",0.724787277648076,0.969675221563474,0.816911184275194,1.15100644159797
"RENBP",0.788849428101437,1.01845632337478,0.890871172186003,1.16431344397067
"RGS1",0.30780764715682,1.0481239991339,0.957596671255576,1.14720941554656
"RHOG",0.261783465019653,1.15766209189681,0.896463076099778,1.49496566534072
"RHOH",0.353707926687315,0.881435224173885,0.675085256770364,1.15085916426515
"RNASE2",0.183956898587884,1.09141194817283,0.959290927283799,1.24172970548903
"RNASE6",0.194780654958272,1.0716339422631,0.965220388304152,1.18977937072801
"RNF19B",0.790992189327436,1.02203266204462,0.869898062861136,1.20077375370906
"RTN1",0.616953549603807,1.03795509530205,0.896977686769532,1.20108983284029
"S1PR4",0.0313395900754675,0.824963440507733,0.692392561391922,0.982917373933381
"SAMSN1",0.880560615719491,1.01025762034032,0.884340728398653,1.15410319425614
"SASH3",0.538020197725916,1.03532712398864,0.927020810466615,1.15628715295727
"SCARF1",0.318219757620101,1.11501378749135,0.900406047204937,1.38077231950535
"SDCBP",0.714950240991529,1.04443938370177,0.827074513070454,1.31893028861163
"SDS",0.816679991875928,1.01449070849049,0.898301181961699,1.14570860896119
"SELL",0.0264453368227673,0.880051654130378,0.78615401328035,0.985164358197359
"SELPLG",0.676206011354466,1.02434970953632,0.914988904344729,1.14678147728862
"SERPINA1",0.657369596016016,1.01949082745709,0.936135701946595,1.11026803604211
"SERPINB8",0.13947328102786,0.885329359320607,0.753267862261861,1.04054362829375
"SGPP1",0.703737516654278,0.97178946792247,0.838531208351464,1.12622495210603
"SH2B3",0.0646060429388761,1.15276981925246,0.991421473901846,1.34037671279139
"SH2D1A",0.0565747140181339,0.817032303614666,0.663775577543667,1.00567391710939
"SH2D3C",0.811306466691916,0.973926346812303,0.784025667569507,1.20982331095821
"SH3GLB1",0.398189564640706,1.10301685089867,0.87861184700938,1.38473681809282
"SIGLEC1",0.409712890772078,1.04578189128631,0.940201441601891,1.16321855694991
"SIGLEC7",0.261247347895023,1.09160415316074,0.936821333863337,1.2719603878829
"SIGLEC8",0.748048822308936,1.02745871845181,0.870925524543905,1.21212593772065
"SIGLEC9",0.0540821910896785,1.15731288403024,0.997440585544114,1.34280991865973
"SIRPA",0.0429085003821007,1.13947868299233,1.00417718958978,1.29301051891485
"SIRPG",0.112254193948299,0.879694605514661,0.750983922687169,1.03046493485848
"SIT1",0.141239651300923,0.909421878951311,0.801366940876737,1.03204675876759
"SLA",0.636856177189382,1.03747264344667,0.890528951056788,1.20866310367892
"SLAMF1",0.00908320407286612,0.690762804400638,0.523146592655789,0.912083264312462
"SLAMF7",0.0115830646632427,0.869102849400498,0.77941591237589,0.969110010255713
"SLAMF8",0.427286246291472,0.958923504499691,0.864588425337294,1.06355146626355
"SLC11A1",0.0265988618458028,1.21270768661456,1.02263915932319,1.43810250151906
"SLC2A5",0.258898042695088,1.08385500729432,0.942454863002747,1.24646996153656
"SLC31A2",0.046568328501692,1.33094180987434,1.00435351546032,1.76372768552485
"SLC35D1",0.244117108409579,1.12250582155353,0.924134339414042,1.36345904018726
"SLC7A7",0.367843077807802,1.06592654106952,0.927640009674019,1.22482792797575
"SLCO2B1",0.0527800260700884,1.11113274779576,0.998735856855107,1.23617869004103
"SMPDL3A",0.569467884669049,1.04563236802228,0.896617448528607,1.2194130850901
"SNX10",0.518768134900043,0.953380880949179,0.82468339726493,1.1021624870513
"SOAT1",0.848453955232828,1.0176582484435,0.850415380748459,1.21779113368531
"SPI1",0.661450406873959,1.02639855582523,0.913416350972922,1.1533557443744
"SPN",0.719232985614131,0.966973725754945,0.80518035671919,1.16127794039876
"SPP1",0.138524927515033,1.07933564984076,0.975632068075043,1.19406227320479
"SRGN",0.545651629835694,1.03451110718963,0.926707793694078,1.15485510986434
"ST8SIA4",0.197195388498615,1.09884222961905,0.952182187842805,1.26809161209967
"STAB1",0.0150323274844247,1.15268879925378,1.02794465409111,1.29257101794057
"STARD8",0.0473820981468012,1.23436893337335,1.00243520037082,1.51996524375204
"STAT4",0.0453510780388979,0.772958053233074,0.60065696154144,0.994684471024222
"STAT5A",0.0273340871426798,1.19986110351804,1.0205827815374,1.41063193871135
"STK10",0.0700709056375355,1.18621309507488,0.986097296578751,1.42693982815797
"STOM",0.385729259070647,1.07797292907146,0.90975960212721,1.27728867394621
"STX11",0.749276912053776,0.975302197292791,0.836629778475644,1.13695974075568
"STX12",0.139987989690854,1.18406522300247,0.946084886801959,1.48190767222072
"TAP1",0.0271259992341595,0.896104063291147,0.81302003272453,0.987678605600829
"TBX21",0.0421243207888211,0.732363548463907,0.542334953055051,0.988976211282847
"TBXAS1",0.125087910353886,1.13334438705206,0.96581504127554,1.32993321160751
"TCIRG1",0.0726318243936,1.13527916947666,0.988417805229199,1.3039615290507
"TCN2",0.533280509501999,0.963793083856964,0.8582171670642,1.08235670892963
"TCP11L1",0.376205859351545,1.11741314452069,0.873828475759744,1.42889842822074
"TESPA1",0.0593240509479594,0.734979829915233,0.533691892473554,1.01218579109105
"TFEB",0.218940596820154,1.11066295772309,0.93952865421149,1.31296922145871
"TFEC",0.679014062745668,0.961917191456007,0.800333592140648,1.15612376177259
"TGFB1",0.2417632039392,1.07872633332191,0.950181789306441,1.22466091783499
"TGFBI",0.00893889452949047,1.14987530144198,1.0355755153219,1.27679072100821
"TGFBR2",0.0499452522251968,1.16063568089582,1.00003560708449,1.34702722005648
"THBD",0.345435962253316,1.06086469642047,0.938327495605462,1.19940416260008
"TLR1",0.369417168076893,1.07053924397559,0.922488717819918,1.24235044912012
"TLR2",0.156524976285081,1.10333059500162,0.963008481143054,1.26409935707077
"TLR4",0.238717571703663,1.08559061583237,0.94696649276331,1.24450758732164
"TLR6",0.21030306051742,1.14555553644765,0.926152220646403,1.41693498955275
"TLR7",0.306228204589248,1.07867668750922,0.933007844439508,1.24708854605058
"TLR8",0.467851651303577,1.06867813136456,0.89323834011955,1.27857582591449
"TM6SF1",0.0997804749801049,1.17514280473776,0.969675762507227,1.42414677660528
"TMEM140",0.66459915854626,0.968990658198865,0.840383010639151,1.11727972101978
"TMEM156",0.352076931746606,0.876883183988515,0.664914144281637,1.15642617167149
"TMEM176B",0.577890429078456,0.974780153169481,0.890911132162634,1.06654447644691
"TMEM51",0.467411161867089,1.06848850199454,0.893665871194139,1.27751066219974
"TNFAIP3",0.5972872201953,1.03317207816544,0.915363158259346,1.16614322246763
"TNFRSF11A",0.571932806632182,1.05508063031031,0.876068802711885,1.27067090279906
"TNFRSF14",0.59727235546448,1.03849416587604,0.902711576877335,1.19470067758433
"TNFRSF1B",0.256385684432288,1.07231223129111,0.950517547064736,1.20971309254348
"TNFRSF4",0.319040779254961,0.917388248946739,0.774276105575758,1.08695230712272
"TNFRSF9",0.307585722503937,0.893628370389069,0.719997660886511,1.10913091492682
"TNFSF8",0.444601166040812,1.05691716460753,0.917069763715634,1.21809041911495
"TPP1",0.847164721436554,0.980749966674348,0.804847990238457,1.19509585511515
"TPST2",0.546930283448083,1.05889967533802,0.87898784050467,1.27563598807829
"TRAF1",0.989126898212894,1.00136573066933,0.822899276815434,1.21853713426439
"TRAF3IP3",0.329857539589226,0.876190525605445,0.671642386095748,1.14303363375179
"TRAT1",0.185043079491272,0.851923043496095,0.672167218896828,1.07975047225719
"TREM1",0.0121974726253605,1.21785312127697,1.04390392319435,1.42078805534668
"TREM2",0.0680317664569818,1.09891272405381,0.993037717493174,1.2160758386256
"TRPM2",0.0152401271403262,1.22981184194791,1.04058284976802,1.45345194467935
"TRPV2",0.986117086941383,0.998564661080342,0.84939879781871,1.17392605795908
"TYMP",0.980648956859939,1.00130680759604,0.901024874537099,1.11274988213091
"TYROBP",0.895353250219977,1.00761532075127,0.899911797120724,1.12820905099934
"UBASH3A",0.0800922065299576,0.78845699201382,0.604201081646812,1.02890320315394
"VAMP5",0.994708468214196,1.00054470321009,0.851812800131903,1.17524613737519
"VASH1",0.800966493891638,1.02063748476344,0.870760097759061,1.19631213922768
"VAV1",0.141566804035136,1.09894433799892,0.969040092490756,1.2462628402874
"VENTX",0.0360734277731334,1.25011526648487,1.01460405002866,1.54029365391788
"VNN2",0.453853758743265,1.05503822450248,0.917024723764647,1.21382294971475
"VSIG4",0.0102483516581269,1.13267305947085,1.02991140979819,1.24568797611676
"WAS",0.665681766773817,1.02924454381313,0.903094450537107,1.17301610074013
"WIPF1",0.411957499265463,1.06917736402348,0.911283336465531,1.25442899041032
"YWHAH",0.609259811189026,0.948915228100912,0.776076250298116,1.16024695998095
"ZAP70",0.250434087434772,0.887980654305132,0.725124957736461,1.08741208533433
"ZEB2",0.300710851182751,1.10550209511596,0.914248607759645,1.3367642804517
